timeStamp,elapsed,label,responseCode,responseMessage,threadName,dataType,success,failureMessage,bytes,sentBytes,grpThreads,allThreads,URL,Latency,IdleTime,Connect
1732990399757,120,HTTP Request,200,OK,Thread Group 1-4,text,true,,507,129,24,24,http://172.23.66.36:3000/proceso_c,115,0,27
1732990399757,120,HTTP Request,200,OK,Thread Group 1-10,text,true,,507,129,24,24,http://172.23.66.36:3000/proceso_c,120,0,32
1732990399757,142,HTTP Request,200,OK,Thread Group 1-1,text,true,,507,129,23,23,http://172.23.66.36:3000/proceso_c,142,0,27
1732990399785,114,HTTP Request,200,OK,Thread Group 1-20,text,true,,521,129,22,22,http://172.23.66.36:3000/proceso_c,114,0,1
1732990399756,178,HTTP Request,200,OK,Thread Group 1-19,text,true,,507,129,23,23,http://172.23.66.36:3000/proceso_c,178,0,30
1732990399756,181,HTTP Request,200,OK,Thread Group 1-9,text,true,,507,129,22,22,http://172.23.66.36:3000/proceso_c,181,0,31
1732990399757,181,HTTP Request,200,OK,Thread Group 1-12,text,true,,507,129,21,21,http://172.23.66.36:3000/proceso_c,181,0,30
1732990399757,205,HTTP Request,200,OK,Thread Group 1-7,text,true,,549,129,21,21,http://172.23.66.36:3000/proceso_c,205,0,31
1732990399757,215,HTTP Request,200,OK,Thread Group 1-3,text,true,,521,129,21,21,http://172.23.66.36:3000/proceso_c,215,0,27
1732990399757,216,HTTP Request,200,OK,Thread Group 1-15,text,true,,521,129,20,20,http://172.23.66.36:3000/proceso_c,216,0,31
1732990399757,218,HTTP Request,200,OK,Thread Group 1-11,text,true,,507,129,19,19,http://172.23.66.36:3000/proceso_c,218,0,26
1732990399756,218,HTTP Request,200,OK,Thread Group 1-18,text,true,,535,129,19,19,http://172.23.66.36:3000/proceso_c,218,0,27
1732990399767,217,HTTP Request,200,OK,Thread Group 1-8,text,true,,507,129,18,18,http://172.23.66.36:3000/proceso_c,217,0,22
1732990399760,255,HTTP Request,200,OK,Thread Group 1-5,text,true,,507,129,18,18,http://172.23.66.36:3000/proceso_c,255,0,29
1732990399760,257,HTTP Request,200,OK,Thread Group 1-16,text,true,,507,129,17,17,http://172.23.66.36:3000/proceso_c,257,0,29
1732990399757,261,HTTP Request,200,OK,Thread Group 1-14,text,true,,549,129,16,16,http://172.23.66.36:3000/proceso_c,261,0,31
1732990399904,130,HTTP Request,200,OK,Thread Group 1-26,text,true,,521,129,16,16,http://172.23.66.36:3000/proceso_c,130,0,1
1732990399825,209,HTTP Request,200,OK,Thread Group 1-22,text,true,,535,129,15,15,http://172.23.66.36:3000/proceso_c,209,0,1
1732990399755,289,HTTP Request,200,OK,Thread Group 1-17,text,true,,535,129,14,14,http://172.23.66.36:3000/proceso_c,289,0,33
1732990399757,288,HTTP Request,200,OK,Thread Group 1-2,text,true,,549,129,14,14,http://172.23.66.36:3000/proceso_c,288,0,27
1732990399768,277,HTTP Request,200,OK,Thread Group 1-6,text,true,,521,129,14,14,http://172.23.66.36:3000/proceso_c,277,0,21
1732990399923,126,HTTP Request,200,OK,Thread Group 1-27,text,true,,521,129,12,12,http://172.23.66.36:3000/proceso_c,126,0,1
1732990399845,205,HTTP Request,200,OK,Thread Group 1-23,text,true,,535,129,11,11,http://172.23.66.36:3000/proceso_c,205,0,2
1732990399865,186,HTTP Request,200,OK,Thread Group 1-24,text,true,,507,129,10,10,http://172.23.66.36:3000/proceso_c,186,0,1
1732990399943,109,HTTP Request,200,OK,Thread Group 1-28,text,true,,507,129,9,9,http://172.23.66.36:3000/proceso_c,109,0,1
1732990399884,171,HTTP Request,200,OK,Thread Group 1-25,text,true,,507,129,8,8,http://172.23.66.36:3000/proceso_c,171,0,1
1732990399757,299,HTTP Request,200,OK,Thread Group 1-13,text,true,,507,129,8,8,http://172.23.66.36:3000/proceso_c,299,0,27
1732990399806,249,HTTP Request,200,OK,Thread Group 1-21,text,true,,507,129,6,6,http://172.23.66.36:3000/proceso_c,249,0,1
1732990399962,99,HTTP Request,200,OK,Thread Group 1-29,text,true,,507,129,6,6,http://172.23.66.36:3000/proceso_c,99,0,1
1732990399982,80,HTTP Request,200,OK,Thread Group 1-30,text,true,,507,129,5,5,http://172.23.66.36:3000/proceso_c,80,0,1
1732990400022,40,HTTP Request,200,OK,Thread Group 1-32,text,true,,507,129,4,4,http://172.23.66.36:3000/proceso_c,40,0,0
1732990400002,73,HTTP Request,200,OK,Thread Group 1-31,text,true,,507,129,3,3,http://172.23.66.36:3000/proceso_c,73,0,0
1732990400046,35,HTTP Request,200,OK,Thread Group 1-33,text,true,,521,129,3,3,http://172.23.66.36:3000/proceso_c,35,0,1
1732990400060,25,HTTP Request,200,OK,Thread Group 1-34,text,true,,507,129,2,2,http://172.23.66.36:3000/proceso_c,25,0,1
1732990400081,12,HTTP Request,200,OK,Thread Group 1-35,text,true,,507,129,1,1,http://172.23.66.36:3000/proceso_c,12,0,1
1732990400099,6,HTTP Request,200,OK,Thread Group 1-36,text,true,,507,129,1,1,http://172.23.66.36:3000/proceso_c,6,0,1
1732990400120,7,HTTP Request,200,OK,Thread Group 1-37,text,true,,507,129,1,1,http://172.23.66.36:3000/proceso_c,7,0,1
1732990400139,7,HTTP Request,200,OK,Thread Group 1-38,text,true,,507,129,1,1,http://172.23.66.36:3000/proceso_c,7,0,1
1732990400159,12,HTTP Request,200,OK,Thread Group 1-39,text,true,,507,129,1,1,http://172.23.66.36:3000/proceso_c,12,0,1
1732990400180,19,HTTP Request,200,OK,Thread Group 1-40,text,true,,507,129,2,2,http://172.23.66.36:3000/proceso_c,18,0,1
1732990400199,8,HTTP Request,200,OK,Thread Group 1-41,text,true,,507,129,1,1,http://172.23.66.36:3000/proceso_c,7,0,2
1732990400228,8,HTTP Request,200,OK,Thread Group 1-42,text,true,,507,129,1,1,http://172.23.66.36:3000/proceso_c,8,0,1
1732990400237,11,HTTP Request,200,OK,Thread Group 1-43,text,true,,507,129,1,1,http://172.23.66.36:3000/proceso_c,11,0,1
1732990400258,5,HTTP Request,200,OK,Thread Group 1-44,text,true,,507,129,1,1,http://172.23.66.36:3000/proceso_c,5,0,0
1732990400278,8,HTTP Request,200,OK,Thread Group 1-45,text,true,,507,129,1,1,http://172.23.66.36:3000/proceso_c,8,0,1
1732990400297,16,HTTP Request,200,OK,Thread Group 1-46,text,true,,507,129,1,1,http://172.23.66.36:3000/proceso_c,16,0,1
1732990400317,10,HTTP Request,200,OK,Thread Group 1-47,text,true,,507,129,1,1,http://172.23.66.36:3000/proceso_c,10,0,1
1732990400336,6,HTTP Request,200,OK,Thread Group 1-48,text,true,,507,129,1,1,http://172.23.66.36:3000/proceso_c,6,0,1
1732990400356,17,HTTP Request,200,OK,Thread Group 1-49,text,true,,507,129,1,1,http://172.23.66.36:3000/proceso_c,17,0,1
1732990400375,6,HTTP Request,200,OK,Thread Group 1-50,text,true,,507,129,1,1,http://172.23.66.36:3000/proceso_c,6,0,1
1732990400396,28,HTTP Request,200,OK,Thread Group 1-51,text,true,,507,129,2,2,http://172.23.66.36:3000/proceso_c,28,0,1
1732990400419,10,HTTP Request,200,OK,Thread Group 1-52,text,true,,507,129,1,1,http://172.23.66.36:3000/proceso_c,10,0,6
1732990400435,13,HTTP Request,200,OK,Thread Group 1-53,text,true,,507,129,1,1,http://172.23.66.36:3000/proceso_c,13,0,1
1732990400454,7,HTTP Request,200,OK,Thread Group 1-54,text,true,,507,129,1,1,http://172.23.66.36:3000/proceso_c,7,0,1
1732990400475,20,HTTP Request,200,OK,Thread Group 1-55,text,true,,521,129,2,2,http://172.23.66.36:3000/proceso_c,20,0,1
1732990400494,7,HTTP Request,200,OK,Thread Group 1-56,text,true,,507,129,1,1,http://172.23.66.36:3000/proceso_c,7,0,2
1732990400513,15,HTTP Request,200,OK,Thread Group 1-57,text,true,,507,129,1,1,http://172.23.66.36:3000/proceso_c,14,0,0
1732990400533,11,HTTP Request,200,OK,Thread Group 1-58,text,true,,507,129,1,1,http://172.23.66.36:3000/proceso_c,11,0,1
1732990400553,19,HTTP Request,200,OK,Thread Group 1-59,text,true,,507,129,2,2,http://172.23.66.36:3000/proceso_c,19,0,2
1732990400571,6,HTTP Request,200,OK,Thread Group 1-60,text,true,,507,129,1,1,http://172.23.66.36:3000/proceso_c,6,0,1
1732990400592,10,HTTP Request,200,OK,Thread Group 1-61,text,true,,507,129,1,1,http://172.23.66.36:3000/proceso_c,9,0,2
1732990400612,15,HTTP Request,200,OK,Thread Group 1-62,text,true,,507,129,1,1,http://172.23.66.36:3000/proceso_c,15,0,1
1732990400630,8,HTTP Request,200,OK,Thread Group 1-63,text,true,,507,129,1,1,http://172.23.66.36:3000/proceso_c,8,0,1
1732990400650,6,HTTP Request,200,OK,Thread Group 1-64,text,true,,507,129,1,1,http://172.23.66.36:3000/proceso_c,6,0,0
1732990400670,11,HTTP Request,200,OK,Thread Group 1-65,text,true,,507,129,1,1,http://172.23.66.36:3000/proceso_c,11,0,0
1732990400689,12,HTTP Request,200,OK,Thread Group 1-66,text,true,,507,129,1,1,http://172.23.66.36:3000/proceso_c,12,0,1
1732990400709,6,HTTP Request,200,OK,Thread Group 1-67,text,true,,507,129,1,1,http://172.23.66.36:3000/proceso_c,6,0,1
1732990400730,19,HTTP Request,200,OK,Thread Group 1-68,text,true,,507,129,2,2,http://172.23.66.36:3000/proceso_c,19,0,1
1732990400749,7,HTTP Request,200,OK,Thread Group 1-69,text,true,,507,129,1,1,http://172.23.66.36:3000/proceso_c,6,0,1
1732990400769,14,HTTP Request,200,OK,Thread Group 1-70,text,true,,507,129,1,1,http://172.23.66.36:3000/proceso_c,14,0,1
1732990400787,7,HTTP Request,200,OK,Thread Group 1-71,text,true,,507,129,1,1,http://172.23.66.36:3000/proceso_c,7,0,1
1732990400807,7,HTTP Request,200,OK,Thread Group 1-72,text,true,,507,129,1,1,http://172.23.66.36:3000/proceso_c,7,0,0
1732990400826,15,HTTP Request,200,OK,Thread Group 1-73,text,true,,507,129,1,1,http://172.23.66.36:3000/proceso_c,15,0,2
1732990400846,9,HTTP Request,200,OK,Thread Group 1-74,text,true,,507,129,1,1,http://172.23.66.36:3000/proceso_c,9,0,1
1732990400865,16,HTTP Request,200,OK,Thread Group 1-75,text,true,,507,129,1,1,http://172.23.66.36:3000/proceso_c,16,0,1
1732990400885,5,HTTP Request,200,OK,Thread Group 1-76,text,true,,507,129,1,1,http://172.23.66.36:3000/proceso_c,5,0,1
1732990400904,14,HTTP Request,200,OK,Thread Group 1-77,text,true,,507,129,1,1,http://172.23.66.36:3000/proceso_c,14,0,1
1732990400924,5,HTTP Request,200,OK,Thread Group 1-78,text,true,,507,129,1,1,http://172.23.66.36:3000/proceso_c,5,0,1
1732990400944,6,HTTP Request,200,OK,Thread Group 1-79,text,true,,507,129,1,1,http://172.23.66.36:3000/proceso_c,6,0,1
1732990400963,11,HTTP Request,200,OK,Thread Group 1-80,text,true,,507,129,1,1,http://172.23.66.36:3000/proceso_c,11,0,1
1732990400982,19,HTTP Request,200,OK,Thread Group 1-81,text,true,,507,129,1,1,http://172.23.66.36:3000/proceso_c,19,0,2
1732990401002,6,HTTP Request,200,OK,Thread Group 1-82,text,true,,507,129,1,1,http://172.23.66.36:3000/proceso_c,5,0,1
1732990401020,5,HTTP Request,200,OK,Thread Group 1-83,text,true,,507,129,1,1,http://172.23.66.36:3000/proceso_c,5,0,1
1732990401042,14,HTTP Request,200,OK,Thread Group 1-84,text,true,,507,129,1,1,http://172.23.66.36:3000/proceso_c,14,0,1
1732990401060,16,HTTP Request,200,OK,Thread Group 1-85,text,true,,507,129,1,1,http://172.23.66.36:3000/proceso_c,16,0,1
1732990401080,8,HTTP Request,200,OK,Thread Group 1-86,text,true,,507,129,1,1,http://172.23.66.36:3000/proceso_c,7,0,1
1732990401100,7,HTTP Request,200,OK,Thread Group 1-87,text,true,,507,129,1,1,http://172.23.66.36:3000/proceso_c,7,0,1
1732990401120,14,HTTP Request,200,OK,Thread Group 1-88,text,true,,507,129,1,1,http://172.23.66.36:3000/proceso_c,14,0,1
1732990401139,7,HTTP Request,200,OK,Thread Group 1-89,text,true,,507,129,1,1,http://172.23.66.36:3000/proceso_c,7,0,1
1732990401159,17,HTTP Request,200,OK,Thread Group 1-90,text,true,,507,129,1,1,http://172.23.66.36:3000/proceso_c,17,0,1
1732990401179,4,HTTP Request,200,OK,Thread Group 1-91,text,true,,507,129,1,1,http://172.23.66.36:3000/proceso_c,4,0,1
1732990401197,5,HTTP Request,200,OK,Thread Group 1-92,text,true,,507,129,1,1,http://172.23.66.36:3000/proceso_c,5,0,1
1732990401218,17,HTTP Request,200,OK,Thread Group 1-93,text,true,,507,129,1,1,http://172.23.66.36:3000/proceso_c,17,0,2
1732990401237,7,HTTP Request,200,OK,Thread Group 1-94,text,true,,507,129,1,1,http://172.23.66.36:3000/proceso_c,7,0,1
1732990401257,10,HTTP Request,200,OK,Thread Group 1-95,text,true,,507,129,1,1,http://172.23.66.36:3000/proceso_c,10,0,0
1732990401277,12,HTTP Request,200,OK,Thread Group 1-96,text,true,,507,129,1,1,http://172.23.66.36:3000/proceso_c,12,0,1
1732990401296,11,HTTP Request,200,OK,Thread Group 1-97,text,true,,507,129,1,1,http://172.23.66.36:3000/proceso_c,11,0,1
1732990401317,17,HTTP Request,200,OK,Thread Group 1-98,text,true,,507,129,2,2,http://172.23.66.36:3000/proceso_c,17,0,0
1732990401332,12,HTTP Request,200,OK,Thread Group 1-99,text,true,,521,129,1,1,http://172.23.66.36:3000/proceso_c,12,0,1
1732990401362,16,HTTP Request,200,OK,Thread Group 1-100,text,true,,507,129,2,2,http://172.23.66.36:3000/proceso_c,16,0,2
1732990401370,22,HTTP Request,200,OK,Thread Group 1-101,text,true,,507,129,2,2,http://172.23.66.36:3000/proceso_c,22,0,1
1732990401388,13,HTTP Request,200,OK,Thread Group 1-102,text,true,,507,129,1,1,http://172.23.66.36:3000/proceso_c,13,0,0
1732990401421,15,HTTP Request,200,OK,Thread Group 1-103,text,true,,507,129,1,1,http://172.23.66.36:3000/proceso_c,15,0,2
1732990401441,14,HTTP Request,200,OK,Thread Group 1-104,text,true,,507,129,1,1,http://172.23.66.36:3000/proceso_c,14,0,1
1732990401461,11,HTTP Request,200,OK,Thread Group 1-105,text,true,,507,129,1,1,http://172.23.66.36:3000/proceso_c,10,0,1
1732990401479,14,HTTP Request,200,OK,Thread Group 1-106,text,true,,521,129,1,1,http://172.23.66.36:3000/proceso_c,14,0,1
1732990401499,12,HTTP Request,200,OK,Thread Group 1-107,text,true,,507,129,1,1,http://172.23.66.36:3000/proceso_c,12,0,1
1732990401520,20,HTTP Request,200,OK,Thread Group 1-108,text,true,,507,129,2,2,http://172.23.66.36:3000/proceso_c,20,0,2
1732990401538,7,HTTP Request,200,OK,Thread Group 1-109,text,true,,507,129,1,1,http://172.23.66.36:3000/proceso_c,7,0,2
1732990401559,10,HTTP Request,200,OK,Thread Group 1-110,text,true,,507,129,1,1,http://172.23.66.36:3000/proceso_c,10,0,2
1732990401579,8,HTTP Request,200,OK,Thread Group 1-111,text,true,,507,129,1,1,http://172.23.66.36:3000/proceso_c,8,0,1
1732990401597,8,HTTP Request,200,OK,Thread Group 1-112,text,true,,507,129,1,1,http://172.23.66.36:3000/proceso_c,8,0,1
1732990401616,9,HTTP Request,200,OK,Thread Group 1-113,text,true,,507,129,1,1,http://172.23.66.36:3000/proceso_c,9,0,1
1732990401637,13,HTTP Request,200,OK,Thread Group 1-114,text,true,,507,129,1,1,http://172.23.66.36:3000/proceso_c,13,0,1
1732990401658,14,HTTP Request,200,OK,Thread Group 1-115,text,true,,507,129,1,1,http://172.23.66.36:3000/proceso_c,14,0,1
1732990401677,8,HTTP Request,200,OK,Thread Group 1-116,text,true,,507,129,1,1,http://172.23.66.36:3000/proceso_c,8,0,1
1732990401697,10,HTTP Request,200,OK,Thread Group 1-117,text,true,,507,129,1,1,http://172.23.66.36:3000/proceso_c,10,0,1
1732990401717,13,HTTP Request,200,OK,Thread Group 1-118,text,true,,507,129,1,1,http://172.23.66.36:3000/proceso_c,13,0,1
1732990401737,8,HTTP Request,200,OK,Thread Group 1-119,text,true,,507,129,1,1,http://172.23.66.36:3000/proceso_c,8,0,1
1732990401755,10,HTTP Request,200,OK,Thread Group 1-120,text,true,,507,129,1,1,http://172.23.66.36:3000/proceso_c,10,0,4
1732990401775,12,HTTP Request,200,OK,Thread Group 1-121,text,true,,521,129,1,1,http://172.23.66.36:3000/proceso_c,12,0,1
1732990401795,7,HTTP Request,200,OK,Thread Group 1-122,text,true,,507,129,1,1,http://172.23.66.36:3000/proceso_c,7,0,0
1732990401815,15,HTTP Request,200,OK,Thread Group 1-123,text,true,,507,129,1,1,http://172.23.66.36:3000/proceso_c,15,0,1
1732990401834,18,HTTP Request,200,OK,Thread Group 1-124,text,true,,507,129,1,1,http://172.23.66.36:3000/proceso_c,18,0,0
1732990401854,10,HTTP Request,200,OK,Thread Group 1-125,text,true,,507,129,1,1,http://172.23.66.36:3000/proceso_c,10,0,2
1732990401872,9,HTTP Request,200,OK,Thread Group 1-126,text,true,,507,129,1,1,http://172.23.66.36:3000/proceso_c,9,0,1
1732990401891,16,HTTP Request,200,OK,Thread Group 1-128,text,true,,507,129,2,2,http://172.23.66.36:3000/proceso_c,16,0,2
1732990401900,17,HTTP Request,200,OK,Thread Group 1-127,text,true,,507,129,2,2,http://172.23.66.36:3000/proceso_c,17,0,1
1732990401911,14,HTTP Request,200,OK,Thread Group 1-129,text,true,,521,129,1,1,http://172.23.66.36:3000/proceso_c,14,0,1
1732990401934,4,HTTP Request,200,OK,Thread Group 1-130,text,true,,507,129,1,1,http://172.23.66.36:3000/proceso_c,4,0,0
1732990401949,12,HTTP Request,200,OK,Thread Group 1-131,text,true,,507,129,1,1,http://172.23.66.36:3000/proceso_c,12,0,1
1732990401969,12,HTTP Request,200,OK,Thread Group 1-132,text,true,,507,129,1,1,http://172.23.66.36:3000/proceso_c,12,0,1
1732990401990,9,HTTP Request,200,OK,Thread Group 1-133,text,true,,507,129,1,1,http://172.23.66.36:3000/proceso_c,9,0,1
1732990402009,12,HTTP Request,200,OK,Thread Group 1-134,text,true,,507,129,1,1,http://172.23.66.36:3000/proceso_c,12,0,1
1732990402030,12,HTTP Request,200,OK,Thread Group 1-135,text,true,,507,129,1,1,http://172.23.66.36:3000/proceso_c,12,0,1
1732990402051,8,HTTP Request,200,OK,Thread Group 1-136,text,true,,507,129,1,1,http://172.23.66.36:3000/proceso_c,8,0,1
1732990402069,14,HTTP Request,200,OK,Thread Group 1-137,text,true,,507,129,1,1,http://172.23.66.36:3000/proceso_c,14,0,1
1732990402091,18,HTTP Request,200,OK,Thread Group 1-138,text,true,,521,129,1,1,http://172.23.66.36:3000/proceso_c,18,0,1
1732990402111,10,HTTP Request,200,OK,Thread Group 1-139,text,true,,521,129,1,1,http://172.23.66.36:3000/proceso_c,10,0,1
1732990402131,20,HTTP Request,200,OK,Thread Group 1-140,text,true,,521,129,1,1,http://172.23.66.36:3000/proceso_c,19,0,1
1732990402153,7,HTTP Request,200,OK,Thread Group 1-141,text,true,,507,129,1,1,http://172.23.66.36:3000/proceso_c,7,0,1
1732990402171,12,HTTP Request,200,OK,Thread Group 1-142,text,true,,507,129,1,1,http://172.23.66.36:3000/proceso_c,12,0,1
1732990402189,10,HTTP Request,200,OK,Thread Group 1-143,text,true,,507,129,1,1,http://172.23.66.36:3000/proceso_c,10,0,1
1732990402209,24,HTTP Request,200,OK,Thread Group 1-144,text,true,,535,129,2,2,http://172.23.66.36:3000/proceso_c,24,0,2
1732990402228,19,HTTP Request,200,OK,Thread Group 1-145,text,true,,507,129,1,1,http://172.23.66.36:3000/proceso_c,19,0,1
1732990402253,7,HTTP Request,200,OK,Thread Group 1-146,text,true,,507,129,1,1,http://172.23.66.36:3000/proceso_c,7,0,1
1732990402269,7,HTTP Request,200,OK,Thread Group 1-147,text,true,,507,129,1,1,http://172.23.66.36:3000/proceso_c,7,0,1
1732990402289,13,HTTP Request,200,OK,Thread Group 1-148,text,true,,507,129,1,1,http://172.23.66.36:3000/proceso_c,13,0,1
1732990402308,8,HTTP Request,200,OK,Thread Group 1-149,text,true,,507,129,1,1,http://172.23.66.36:3000/proceso_c,8,0,1
1732990402329,8,HTTP Request,200,OK,Thread Group 1-150,text,true,,507,129,1,1,http://172.23.66.36:3000/proceso_c,8,0,1
1732990402348,9,HTTP Request,200,OK,Thread Group 1-151,text,true,,507,129,1,1,http://172.23.66.36:3000/proceso_c,9,0,1
1732990402369,11,HTTP Request,200,OK,Thread Group 1-152,text,true,,507,129,1,1,http://172.23.66.36:3000/proceso_c,11,0,1
1732990402390,7,HTTP Request,200,OK,Thread Group 1-153,text,true,,507,129,1,1,http://172.23.66.36:3000/proceso_c,7,0,0
1732990402410,14,HTTP Request,200,OK,Thread Group 1-154,text,true,,507,129,1,1,http://172.23.66.36:3000/proceso_c,14,0,0
1732990402429,6,HTTP Request,200,OK,Thread Group 1-155,text,true,,507,129,1,1,http://172.23.66.36:3000/proceso_c,6,0,1
1732990402452,13,HTTP Request,200,OK,Thread Group 1-156,text,true,,507,129,1,1,http://172.23.66.36:3000/proceso_c,12,0,1
1732990402470,7,HTTP Request,200,OK,Thread Group 1-157,text,true,,507,129,1,1,http://172.23.66.36:3000/proceso_c,7,0,1
1732990402493,22,HTTP Request,200,OK,Thread Group 1-158,text,true,,521,129,2,2,http://172.23.66.36:3000/proceso_c,22,0,1
1732990402514,7,HTTP Request,200,OK,Thread Group 1-159,text,true,,507,129,1,1,http://172.23.66.36:3000/proceso_c,7,0,1
1732990402531,9,HTTP Request,200,OK,Thread Group 1-160,text,true,,507,129,1,1,http://172.23.66.36:3000/proceso_c,9,0,1
1732990402549,8,HTTP Request,200,OK,Thread Group 1-161,text,true,,507,129,1,1,http://172.23.66.36:3000/proceso_c,8,0,1
1732990402568,8,HTTP Request,200,OK,Thread Group 1-162,text,true,,507,129,1,1,http://172.23.66.36:3000/proceso_c,8,0,1
1732990402588,11,HTTP Request,200,OK,Thread Group 1-163,text,true,,507,129,1,1,http://172.23.66.36:3000/proceso_c,11,0,1
1732990402609,8,HTTP Request,200,OK,Thread Group 1-164,text,true,,507,129,1,1,http://172.23.66.36:3000/proceso_c,8,0,1
1732990402630,14,HTTP Request,200,OK,Thread Group 1-165,text,true,,507,129,1,1,http://172.23.66.36:3000/proceso_c,14,0,1
1732990402650,15,HTTP Request,200,OK,Thread Group 1-166,text,true,,507,129,1,1,http://172.23.66.36:3000/proceso_c,15,0,1
1732990402668,5,HTTP Request,200,OK,Thread Group 1-167,text,true,,507,129,1,1,http://172.23.66.36:3000/proceso_c,5,0,1
1732990402689,5,HTTP Request,200,OK,Thread Group 1-168,text,true,,507,129,1,1,http://172.23.66.36:3000/proceso_c,5,0,1
1732990402709,26,HTTP Request,200,OK,Thread Group 1-169,text,true,,521,129,2,2,http://172.23.66.36:3000/proceso_c,26,0,1
1732990402728,11,HTTP Request,200,OK,Thread Group 1-170,text,true,,507,129,1,1,http://172.23.66.36:3000/proceso_c,11,0,6
1732990402748,7,HTTP Request,200,OK,Thread Group 1-171,text,true,,507,129,1,1,http://172.23.66.36:3000/proceso_c,7,0,3
1732990402769,10,HTTP Request,200,OK,Thread Group 1-172,text,true,,507,129,1,1,http://172.23.66.36:3000/proceso_c,10,0,2
1732990402788,13,HTTP Request,200,OK,Thread Group 1-173,text,true,,507,129,1,1,http://172.23.66.36:3000/proceso_c,13,0,2
1732990402809,13,HTTP Request,200,OK,Thread Group 1-174,text,true,,507,129,1,1,http://172.23.66.36:3000/proceso_c,12,0,4
1732990402830,9,HTTP Request,200,OK,Thread Group 1-175,text,true,,507,129,1,1,http://172.23.66.36:3000/proceso_c,9,0,1
1732990402849,11,HTTP Request,200,OK,Thread Group 1-176,text,true,,507,129,1,1,http://172.23.66.36:3000/proceso_c,11,0,2
1732990402870,11,HTTP Request,200,OK,Thread Group 1-177,text,true,,507,129,1,1,http://172.23.66.36:3000/proceso_c,11,0,1
1732990402889,7,HTTP Request,200,OK,Thread Group 1-178,text,true,,507,129,1,1,http://172.23.66.36:3000/proceso_c,7,0,2
1732990402910,10,HTTP Request,200,OK,Thread Group 1-179,text,true,,507,129,1,1,http://172.23.66.36:3000/proceso_c,9,0,1
1732990402928,7,HTTP Request,200,OK,Thread Group 1-180,text,true,,507,129,1,1,http://172.23.66.36:3000/proceso_c,7,0,1
1732990402949,14,HTTP Request,200,OK,Thread Group 1-181,text,true,,507,129,1,1,http://172.23.66.36:3000/proceso_c,14,0,1
1732990402969,15,HTTP Request,200,OK,Thread Group 1-182,text,true,,507,129,1,1,http://172.23.66.36:3000/proceso_c,15,0,1
1732990402989,7,HTTP Request,200,OK,Thread Group 1-183,text,true,,507,129,1,1,http://172.23.66.36:3000/proceso_c,7,0,1
1732990403010,17,HTTP Request,200,OK,Thread Group 1-184,text,true,,507,129,2,2,http://172.23.66.36:3000/proceso_c,17,0,2
1732990403028,6,HTTP Request,200,OK,Thread Group 1-185,text,true,,507,129,1,1,http://172.23.66.36:3000/proceso_c,6,0,1
1732990403049,6,HTTP Request,200,OK,Thread Group 1-186,text,true,,507,129,1,1,http://172.23.66.36:3000/proceso_c,6,0,1
1732990403094,13,HTTP Request,200,OK,Thread Group 1-188,text,true,,507,129,1,1,http://172.23.66.36:3000/proceso_c,13,0,2
1732990403111,7,HTTP Request,200,OK,Thread Group 1-189,text,true,,507,129,1,1,http://172.23.66.36:3000/proceso_c,7,0,1
1732990403130,10,HTTP Request,200,OK,Thread Group 1-190,text,true,,507,129,1,1,http://172.23.66.36:3000/proceso_c,10,0,1
1732990403151,9,HTTP Request,200,OK,Thread Group 1-191,text,true,,507,129,1,1,http://172.23.66.36:3000/proceso_c,9,0,1
1732990403167,38,HTTP Request,200,OK,Thread Group 1-187,text,true,,521,129,3,3,http://172.23.66.36:3000/proceso_c,38,0,2
1732990403168,39,HTTP Request,200,OK,Thread Group 1-192,text,true,,521,129,2,2,http://172.23.66.36:3000/proceso_c,39,0,1
1732990403191,23,HTTP Request,200,OK,Thread Group 1-193,text,true,,521,129,2,2,http://172.23.66.36:3000/proceso_c,23,0,1
1732990403211,7,HTTP Request,200,OK,Thread Group 1-194,text,true,,507,129,1,1,http://172.23.66.36:3000/proceso_c,7,0,1
1732990403228,7,HTTP Request,200,OK,Thread Group 1-195,text,true,,507,129,1,1,http://172.23.66.36:3000/proceso_c,7,0,1
1732990403249,7,HTTP Request,200,OK,Thread Group 1-196,text,true,,507,129,1,1,http://172.23.66.36:3000/proceso_c,7,0,1
1732990403274,15,HTTP Request,200,OK,Thread Group 1-197,text,true,,507,129,2,2,http://172.23.66.36:3000/proceso_c,15,0,2
1732990403288,9,HTTP Request,200,OK,Thread Group 1-198,text,true,,507,129,1,1,http://172.23.66.36:3000/proceso_c,9,0,2
1732990403309,8,HTTP Request,200,OK,Thread Group 1-199,text,true,,507,129,1,1,http://172.23.66.36:3000/proceso_c,8,0,1
1732990403329,7,HTTP Request,200,OK,Thread Group 1-200,text,true,,507,129,1,1,http://172.23.66.36:3000/proceso_c,7,0,0
1732990403348,14,HTTP Request,200,OK,Thread Group 1-201,text,true,,507,129,1,1,http://172.23.66.36:3000/proceso_c,14,0,1
1732990403389,13,HTTP Request,200,OK,Thread Group 1-203,text,true,,507,129,1,1,http://172.23.66.36:3000/proceso_c,13,0,1
1732990403409,11,HTTP Request,200,OK,Thread Group 1-204,text,true,,507,129,1,1,http://172.23.66.36:3000/proceso_c,11,0,1
1732990403428,10,HTTP Request,200,OK,Thread Group 1-205,text,true,,507,129,1,1,http://172.23.66.36:3000/proceso_c,10,0,1
1732990403448,8,HTTP Request,200,OK,Thread Group 1-206,text,true,,507,129,2,2,http://172.23.66.36:3000/proceso_c,8,0,1
1732990403455,8,HTTP Request,200,OK,Thread Group 1-202,text,true,,507,129,1,1,http://172.23.66.36:3000/proceso_c,7,0,2
1732990403469,6,HTTP Request,200,OK,Thread Group 1-207,text,true,,507,129,1,1,http://172.23.66.36:3000/proceso_c,6,0,0
1732990403489,7,HTTP Request,200,OK,Thread Group 1-208,text,true,,507,129,1,1,http://172.23.66.36:3000/proceso_c,7,0,1
1732990403509,13,HTTP Request,200,OK,Thread Group 1-209,text,true,,507,129,1,1,http://172.23.66.36:3000/proceso_c,13,0,1
1732990403529,14,HTTP Request,200,OK,Thread Group 1-210,text,true,,521,129,1,1,http://172.23.66.36:3000/proceso_c,14,0,1
1732990403548,5,HTTP Request,200,OK,Thread Group 1-211,text,true,,507,129,1,1,http://172.23.66.36:3000/proceso_c,5,0,1
1732990403568,13,HTTP Request,200,OK,Thread Group 1-212,text,true,,507,129,1,1,http://172.23.66.36:3000/proceso_c,13,0,1
1732990403589,9,HTTP Request,200,OK,Thread Group 1-213,text,true,,507,129,1,1,http://172.23.66.36:3000/proceso_c,9,0,1
1732990403610,11,HTTP Request,200,OK,Thread Group 1-214,text,true,,507,129,1,1,http://172.23.66.36:3000/proceso_c,11,0,1
1732990403629,8,HTTP Request,200,OK,Thread Group 1-215,text,true,,507,129,1,1,http://172.23.66.36:3000/proceso_c,8,0,1
1732990403648,6,HTTP Request,200,OK,Thread Group 1-216,text,true,,507,129,1,1,http://172.23.66.36:3000/proceso_c,6,0,1
1732990403668,14,HTTP Request,200,OK,Thread Group 1-217,text,true,,507,129,1,1,http://172.23.66.36:3000/proceso_c,14,0,1
1732990403689,9,HTTP Request,200,OK,Thread Group 1-218,text,true,,507,129,1,1,http://172.23.66.36:3000/proceso_c,9,0,1
1732990403709,14,HTTP Request,200,OK,Thread Group 1-219,text,true,,507,129,1,1,http://172.23.66.36:3000/proceso_c,14,0,1
1732990403728,11,HTTP Request,200,OK,Thread Group 1-220,text,true,,507,129,1,1,http://172.23.66.36:3000/proceso_c,11,0,1
1732990403749,5,HTTP Request,200,OK,Thread Group 1-221,text,true,,507,129,1,1,http://172.23.66.36:3000/proceso_c,5,0,1
1732990403770,20,HTTP Request,200,OK,Thread Group 1-222,text,true,,507,129,2,2,http://172.23.66.36:3000/proceso_c,20,0,2
1732990403789,7,HTTP Request,200,OK,Thread Group 1-223,text,true,,507,129,1,1,http://172.23.66.36:3000/proceso_c,7,0,1
1732990403809,8,HTTP Request,200,OK,Thread Group 1-224,text,true,,507,129,1,1,http://172.23.66.36:3000/proceso_c,8,0,1
1732990403831,21,HTTP Request,200,OK,Thread Group 1-225,text,true,,507,129,2,2,http://172.23.66.36:3000/proceso_c,21,0,1
1732990403850,12,HTTP Request,200,OK,Thread Group 1-226,text,true,,507,129,1,1,http://172.23.66.36:3000/proceso_c,12,0,2
1732990403868,6,HTTP Request,200,OK,Thread Group 1-227,text,true,,507,129,1,1,http://172.23.66.36:3000/proceso_c,6,0,1
1732990403888,16,HTTP Request,200,OK,Thread Group 1-228,text,true,,507,129,1,1,http://172.23.66.36:3000/proceso_c,16,0,1
1732990403909,8,HTTP Request,200,OK,Thread Group 1-229,text,true,,507,129,1,1,http://172.23.66.36:3000/proceso_c,8,0,1
1732990403930,17,HTTP Request,200,OK,Thread Group 1-230,text,true,,507,129,1,1,http://172.23.66.36:3000/proceso_c,17,0,2
1732990403950,16,HTTP Request,200,OK,Thread Group 1-231,text,true,,521,129,1,1,http://172.23.66.36:3000/proceso_c,16,0,1
1732990403969,7,HTTP Request,200,OK,Thread Group 1-232,text,true,,507,129,1,1,http://172.23.66.36:3000/proceso_c,7,0,1
1732990403989,6,HTTP Request,200,OK,Thread Group 1-233,text,true,,507,129,1,1,http://172.23.66.36:3000/proceso_c,6,0,0
1732990404008,13,HTTP Request,200,OK,Thread Group 1-234,text,true,,507,129,1,1,http://172.23.66.36:3000/proceso_c,13,0,1
1732990404028,8,HTTP Request,200,OK,Thread Group 1-235,text,true,,507,129,1,1,http://172.23.66.36:3000/proceso_c,8,0,1
1732990404049,13,HTTP Request,200,OK,Thread Group 1-236,text,true,,507,129,1,1,http://172.23.66.36:3000/proceso_c,13,0,1
1732990404070,7,HTTP Request,200,OK,Thread Group 1-237,text,true,,507,129,1,1,http://172.23.66.36:3000/proceso_c,7,0,1
1732990404091,14,HTTP Request,200,OK,Thread Group 1-238,text,true,,507,129,1,1,http://172.23.66.36:3000/proceso_c,14,0,1
1732990404108,6,HTTP Request,200,OK,Thread Group 1-239,text,true,,507,129,1,1,http://172.23.66.36:3000/proceso_c,6,0,1
1732990404129,20,HTTP Request,200,OK,Thread Group 1-240,text,true,,521,129,2,2,http://172.23.66.36:3000/proceso_c,20,0,1
1732990404148,7,HTTP Request,200,OK,Thread Group 1-241,text,true,,507,129,1,1,http://172.23.66.36:3000/proceso_c,6,0,2
1732990404169,23,HTTP Request,200,OK,Thread Group 1-242,text,true,,507,129,2,2,http://172.23.66.36:3000/proceso_c,23,0,1
1732990404191,10,HTTP Request,200,OK,Thread Group 1-243,text,true,,507,129,1,1,http://172.23.66.36:3000/proceso_c,10,0,1
1732990404210,11,HTTP Request,200,OK,Thread Group 1-244,text,true,,507,129,1,1,http://172.23.66.36:3000/proceso_c,11,0,1
1732990404229,10,HTTP Request,200,OK,Thread Group 1-245,text,true,,507,129,1,1,http://172.23.66.36:3000/proceso_c,10,0,2
1732990404249,16,HTTP Request,200,OK,Thread Group 1-246,text,true,,507,129,1,1,http://172.23.66.36:3000/proceso_c,16,0,1
1732990404268,10,HTTP Request,200,OK,Thread Group 1-247,text,true,,507,129,1,1,http://172.23.66.36:3000/proceso_c,10,0,1
1732990404290,8,HTTP Request,200,OK,Thread Group 1-248,text,true,,507,129,1,1,http://172.23.66.36:3000/proceso_c,8,0,1
1732990404311,23,HTTP Request,200,OK,Thread Group 1-249,text,true,,521,129,2,2,http://172.23.66.36:3000/proceso_c,23,0,1
1732990404329,9,HTTP Request,200,OK,Thread Group 1-250,text,true,,507,129,1,1,http://172.23.66.36:3000/proceso_c,9,0,1
1732990404349,12,HTTP Request,200,OK,Thread Group 1-251,text,true,,507,129,1,1,http://172.23.66.36:3000/proceso_c,12,0,1
1732990404367,11,HTTP Request,200,OK,Thread Group 1-252,text,true,,507,129,1,1,http://172.23.66.36:3000/proceso_c,11,0,1
1732990404389,22,HTTP Request,200,OK,Thread Group 1-253,text,true,,521,129,2,2,http://172.23.66.36:3000/proceso_c,22,0,2
1732990404410,10,HTTP Request,200,OK,Thread Group 1-254,text,true,,507,129,1,1,http://172.23.66.36:3000/proceso_c,10,0,1
1732990404431,11,HTTP Request,200,OK,Thread Group 1-255,text,true,,507,129,1,1,http://172.23.66.36:3000/proceso_c,11,0,1
1732990404452,10,HTTP Request,200,OK,Thread Group 1-256,text,true,,507,129,1,1,http://172.23.66.36:3000/proceso_c,10,0,1
1732990404476,10,HTTP Request,200,OK,Thread Group 1-257,text,true,,507,129,1,1,http://172.23.66.36:3000/proceso_c,10,0,1
1732990404514,7,HTTP Request,200,OK,Thread Group 1-259,text,true,,507,129,2,2,http://172.23.66.36:3000/proceso_c,7,0,1
1732990404495,26,HTTP Request,200,OK,Thread Group 1-258,text,true,,507,129,2,2,http://172.23.66.36:3000/proceso_c,26,0,1
1732990404531,11,HTTP Request,200,OK,Thread Group 1-260,text,true,,507,129,1,1,http://172.23.66.36:3000/proceso_c,11,0,1
1732990404548,6,HTTP Request,200,OK,Thread Group 1-261,text,true,,507,129,1,1,http://172.23.66.36:3000/proceso_c,6,0,1
1732990404570,12,HTTP Request,200,OK,Thread Group 1-262,text,true,,507,129,1,1,http://172.23.66.36:3000/proceso_c,12,0,2
1732990404589,9,HTTP Request,200,OK,Thread Group 1-263,text,true,,507,129,1,1,http://172.23.66.36:3000/proceso_c,9,0,1
1732990404608,9,HTTP Request,200,OK,Thread Group 1-264,text,true,,507,129,1,1,http://172.23.66.36:3000/proceso_c,9,0,1
1732990404628,14,HTTP Request,200,OK,Thread Group 1-265,text,true,,521,129,1,1,http://172.23.66.36:3000/proceso_c,14,0,1
1732990404649,6,HTTP Request,200,OK,Thread Group 1-266,text,true,,507,129,1,1,http://172.23.66.36:3000/proceso_c,6,0,1
1732990404669,8,HTTP Request,200,OK,Thread Group 1-267,text,true,,507,129,1,1,http://172.23.66.36:3000/proceso_c,8,0,1
1732990404689,14,HTTP Request,200,OK,Thread Group 1-268,text,true,,507,129,1,1,http://172.23.66.36:3000/proceso_c,14,0,1
1732990404709,15,HTTP Request,200,OK,Thread Group 1-269,text,true,,521,129,1,1,http://172.23.66.36:3000/proceso_c,15,0,1
1732990404729,26,HTTP Request,200,OK,Thread Group 1-270,text,true,,521,129,2,2,http://172.23.66.36:3000/proceso_c,26,0,1
1732990404749,9,HTTP Request,200,OK,Thread Group 1-271,text,true,,507,129,1,1,http://172.23.66.36:3000/proceso_c,9,0,1
1732990404769,7,HTTP Request,200,OK,Thread Group 1-272,text,true,,507,129,1,1,http://172.23.66.36:3000/proceso_c,7,0,1
1732990404788,11,HTTP Request,200,OK,Thread Group 1-273,text,true,,507,129,1,1,http://172.23.66.36:3000/proceso_c,11,0,1
1732990404809,9,HTTP Request,200,OK,Thread Group 1-274,text,true,,507,129,1,1,http://172.23.66.36:3000/proceso_c,9,0,1
1732990404829,30,HTTP Request,200,OK,Thread Group 1-275,text,true,,521,129,2,2,http://172.23.66.36:3000/proceso_c,30,0,1
1732990404848,29,HTTP Request,200,OK,Thread Group 1-276,text,true,,521,129,2,2,http://172.23.66.36:3000/proceso_c,29,0,2
1732990404869,21,HTTP Request,200,OK,Thread Group 1-277,text,true,,507,129,2,2,http://172.23.66.36:3000/proceso_c,21,0,0
1732990404889,7,HTTP Request,200,OK,Thread Group 1-278,text,true,,507,129,1,1,http://172.23.66.36:3000/proceso_c,7,0,2
1732990404907,16,HTTP Request,200,OK,Thread Group 1-279,text,true,,507,129,1,1,http://172.23.66.36:3000/proceso_c,16,0,2
1732990404928,6,HTTP Request,200,OK,Thread Group 1-280,text,true,,507,129,1,1,http://172.23.66.36:3000/proceso_c,6,0,1
1732990404949,7,HTTP Request,200,OK,Thread Group 1-281,text,true,,507,129,1,1,http://172.23.66.36:3000/proceso_c,7,0,1
1732990404969,20,HTTP Request,200,OK,Thread Group 1-282,text,true,,507,129,2,2,http://172.23.66.36:3000/proceso_c,20,0,1
1732990404988,10,HTTP Request,200,OK,Thread Group 1-283,text,true,,507,129,1,1,http://172.23.66.36:3000/proceso_c,10,0,2
1732990405008,5,HTTP Request,200,OK,Thread Group 1-284,text,true,,507,129,1,1,http://172.23.66.36:3000/proceso_c,5,0,1
1732990405028,16,HTTP Request,200,OK,Thread Group 1-285,text,true,,507,129,1,1,http://172.23.66.36:3000/proceso_c,16,0,1
1732990405049,14,HTTP Request,200,OK,Thread Group 1-286,text,true,,507,129,1,1,http://172.23.66.36:3000/proceso_c,14,0,1
1732990405069,5,HTTP Request,200,OK,Thread Group 1-287,text,true,,507,129,1,1,http://172.23.66.36:3000/proceso_c,4,0,1
1732990405088,15,HTTP Request,200,OK,Thread Group 1-288,text,true,,507,129,1,1,http://172.23.66.36:3000/proceso_c,15,0,1
1732990405108,9,HTTP Request,200,OK,Thread Group 1-289,text,true,,507,129,1,1,http://172.23.66.36:3000/proceso_c,9,0,1
1732990405129,6,HTTP Request,200,OK,Thread Group 1-290,text,true,,507,129,1,1,http://172.23.66.36:3000/proceso_c,6,0,1
1732990405149,9,HTTP Request,200,OK,Thread Group 1-291,text,true,,507,129,1,1,http://172.23.66.36:3000/proceso_c,9,0,1
1732990405168,17,HTTP Request,200,OK,Thread Group 1-292,text,true,,507,129,1,1,http://172.23.66.36:3000/proceso_c,17,0,1
1732990405188,5,HTTP Request,200,OK,Thread Group 1-293,text,true,,507,129,1,1,http://172.23.66.36:3000/proceso_c,5,0,1
1732990405209,13,HTTP Request,200,OK,Thread Group 1-294,text,true,,507,129,1,1,http://172.23.66.36:3000/proceso_c,13,0,1
1732990405229,8,HTTP Request,200,OK,Thread Group 1-295,text,true,,507,129,1,1,http://172.23.66.36:3000/proceso_c,8,0,1
1732990405248,12,HTTP Request,200,OK,Thread Group 1-296,text,true,,507,129,1,1,http://172.23.66.36:3000/proceso_c,12,0,1
1732990405268,7,HTTP Request,200,OK,Thread Group 1-297,text,true,,507,129,1,1,http://172.23.66.36:3000/proceso_c,7,0,1
1732990405288,7,HTTP Request,200,OK,Thread Group 1-298,text,true,,507,129,1,1,http://172.23.66.36:3000/proceso_c,7,0,1
1732990405309,10,HTTP Request,200,OK,Thread Group 1-299,text,true,,507,129,1,1,http://172.23.66.36:3000/proceso_c,10,0,1
1732990405328,16,HTTP Request,200,OK,Thread Group 1-300,text,true,,507,129,1,1,http://172.23.66.36:3000/proceso_c,16,0,1
1732990405349,6,HTTP Request,200,OK,Thread Group 1-301,text,true,,507,129,1,1,http://172.23.66.36:3000/proceso_c,6,0,0
1732990405369,13,HTTP Request,200,OK,Thread Group 1-302,text,true,,507,129,1,1,http://172.23.66.36:3000/proceso_c,13,0,1
1732990405389,12,HTTP Request,200,OK,Thread Group 1-303,text,true,,507,129,1,1,http://172.23.66.36:3000/proceso_c,12,0,1
1732990405408,9,HTTP Request,200,OK,Thread Group 1-304,text,true,,507,129,1,1,http://172.23.66.36:3000/proceso_c,9,0,1
1732990405428,13,HTTP Request,200,OK,Thread Group 1-305,text,true,,507,129,1,1,http://172.23.66.36:3000/proceso_c,13,0,1
1732990405449,15,HTTP Request,200,OK,Thread Group 1-306,text,true,,507,129,1,1,http://172.23.66.36:3000/proceso_c,15,0,1
1732990405468,9,HTTP Request,200,OK,Thread Group 1-307,text,true,,507,129,1,1,http://172.23.66.36:3000/proceso_c,9,0,1
1732990405487,13,HTTP Request,200,OK,Thread Group 1-308,text,true,,507,129,1,1,http://172.23.66.36:3000/proceso_c,13,0,1
1732990405508,14,HTTP Request,200,OK,Thread Group 1-309,text,true,,507,129,1,1,http://172.23.66.36:3000/proceso_c,14,0,1
1732990405529,26,HTTP Request,200,OK,Thread Group 1-310,text,true,,521,129,2,2,http://172.23.66.36:3000/proceso_c,26,0,1
1732990405549,18,HTTP Request,200,OK,Thread Group 1-311,text,true,,521,129,2,2,http://172.23.66.36:3000/proceso_c,18,0,1
1732990405568,6,HTTP Request,200,OK,Thread Group 1-312,text,true,,507,129,1,1,http://172.23.66.36:3000/proceso_c,6,0,1
1732990405588,7,HTTP Request,200,OK,Thread Group 1-313,text,true,,507,129,1,1,http://172.23.66.36:3000/proceso_c,7,0,1
1732990405609,10,HTTP Request,200,OK,Thread Group 1-314,text,true,,507,129,1,1,http://172.23.66.36:3000/proceso_c,10,0,1
1732990405629,9,HTTP Request,200,OK,Thread Group 1-315,text,true,,507,129,1,1,http://172.23.66.36:3000/proceso_c,9,0,1
1732990405648,11,HTTP Request,200,OK,Thread Group 1-316,text,true,,507,129,1,1,http://172.23.66.36:3000/proceso_c,11,0,1
1732990405667,9,HTTP Request,200,OK,Thread Group 1-317,text,true,,507,129,1,1,http://172.23.66.36:3000/proceso_c,9,0,1
1732990405688,13,HTTP Request,200,OK,Thread Group 1-318,text,true,,507,129,1,1,http://172.23.66.36:3000/proceso_c,13,0,1
1732990405709,10,HTTP Request,200,OK,Thread Group 1-319,text,true,,507,129,1,1,http://172.23.66.36:3000/proceso_c,10,0,1
1732990405729,13,HTTP Request,200,OK,Thread Group 1-320,text,true,,507,129,1,1,http://172.23.66.36:3000/proceso_c,13,0,2
1732990405749,10,HTTP Request,200,OK,Thread Group 1-321,text,true,,507,129,1,1,http://172.23.66.36:3000/proceso_c,9,0,1
1732990405770,7,HTTP Request,200,OK,Thread Group 1-322,text,true,,507,129,1,1,http://172.23.66.36:3000/proceso_c,7,0,1
1732990405790,7,HTTP Request,200,OK,Thread Group 1-323,text,true,,507,129,1,1,http://172.23.66.36:3000/proceso_c,7,0,1
1732990405808,11,HTTP Request,200,OK,Thread Group 1-324,text,true,,507,129,1,1,http://172.23.66.36:3000/proceso_c,11,0,1
1732990405828,12,HTTP Request,200,OK,Thread Group 1-325,text,true,,507,129,1,1,http://172.23.66.36:3000/proceso_c,12,0,0
1732990405848,11,HTTP Request,200,OK,Thread Group 1-326,text,true,,507,129,1,1,http://172.23.66.36:3000/proceso_c,11,0,1
1732990405869,15,HTTP Request,200,OK,Thread Group 1-327,text,true,,521,129,1,1,http://172.23.66.36:3000/proceso_c,15,0,1
1732990405889,4,HTTP Request,200,OK,Thread Group 1-328,text,true,,507,129,1,1,http://172.23.66.36:3000/proceso_c,3,0,1
1732990405908,21,HTTP Request,200,OK,Thread Group 1-329,text,true,,507,129,2,2,http://172.23.66.36:3000/proceso_c,21,0,1
1732990405928,6,HTTP Request,200,OK,Thread Group 1-330,text,true,,507,129,1,1,http://172.23.66.36:3000/proceso_c,6,0,2
1732990405948,8,HTTP Request,200,OK,Thread Group 1-331,text,true,,507,129,1,1,http://172.23.66.36:3000/proceso_c,8,0,1
1732990405968,8,HTTP Request,200,OK,Thread Group 1-332,text,true,,507,129,1,1,http://172.23.66.36:3000/proceso_c,8,0,1
1732990405987,8,HTTP Request,200,OK,Thread Group 1-333,text,true,,507,129,1,1,http://172.23.66.36:3000/proceso_c,8,0,1
1732990406008,17,HTTP Request,200,OK,Thread Group 1-334,text,true,,507,129,1,1,http://172.23.66.36:3000/proceso_c,17,0,0
1732990406027,6,HTTP Request,200,OK,Thread Group 1-335,text,true,,507,129,1,1,http://172.23.66.36:3000/proceso_c,6,0,1
1732990406048,6,HTTP Request,200,OK,Thread Group 1-336,text,true,,507,129,1,1,http://172.23.66.36:3000/proceso_c,6,0,1
1732990406068,13,HTTP Request,200,OK,Thread Group 1-337,text,true,,507,129,1,1,http://172.23.66.36:3000/proceso_c,13,0,1
1732990406087,7,HTTP Request,200,OK,Thread Group 1-338,text,true,,507,129,1,1,http://172.23.66.36:3000/proceso_c,7,0,1
1732990406108,14,HTTP Request,200,OK,Thread Group 1-339,text,true,,507,129,1,1,http://172.23.66.36:3000/proceso_c,14,0,1
1732990406129,10,HTTP Request,200,OK,Thread Group 1-340,text,true,,507,129,1,1,http://172.23.66.36:3000/proceso_c,10,0,1
1732990406148,12,HTTP Request,200,OK,Thread Group 1-341,text,true,,507,129,1,1,http://172.23.66.36:3000/proceso_c,12,0,1
1732990406168,7,HTTP Request,200,OK,Thread Group 1-342,text,true,,507,129,1,1,http://172.23.66.36:3000/proceso_c,7,0,1
1732990406187,11,HTTP Request,200,OK,Thread Group 1-343,text,true,,507,129,1,1,http://172.23.66.36:3000/proceso_c,11,0,1
1732990406207,7,HTTP Request,200,OK,Thread Group 1-344,text,true,,507,129,1,1,http://172.23.66.36:3000/proceso_c,7,0,1
1732990406228,8,HTTP Request,200,OK,Thread Group 1-345,text,true,,507,129,1,1,http://172.23.66.36:3000/proceso_c,8,0,1
1732990406248,12,HTTP Request,200,OK,Thread Group 1-346,text,true,,507,129,1,1,http://172.23.66.36:3000/proceso_c,12,0,1
1732990406267,13,HTTP Request,200,OK,Thread Group 1-347,text,true,,507,129,1,1,http://172.23.66.36:3000/proceso_c,13,0,4
1732990406287,10,HTTP Request,200,OK,Thread Group 1-348,text,true,,507,129,1,1,http://172.23.66.36:3000/proceso_c,10,0,1
1732990406308,9,HTTP Request,200,OK,Thread Group 1-349,text,true,,507,129,1,1,http://172.23.66.36:3000/proceso_c,9,0,1
1732990406328,18,HTTP Request,200,OK,Thread Group 1-350,text,true,,507,129,1,1,http://172.23.66.36:3000/proceso_c,18,0,1
1732990406348,5,HTTP Request,200,OK,Thread Group 1-351,text,true,,507,129,1,1,http://172.23.66.36:3000/proceso_c,5,0,1
1732990406368,7,HTTP Request,200,OK,Thread Group 1-352,text,true,,507,129,1,1,http://172.23.66.36:3000/proceso_c,7,0,1
1732990406387,9,HTTP Request,200,OK,Thread Group 1-353,text,true,,507,129,1,1,http://172.23.66.36:3000/proceso_c,9,0,2
1732990406408,16,HTTP Request,200,OK,Thread Group 1-354,text,true,,507,129,1,1,http://172.23.66.36:3000/proceso_c,16,0,0
1732990406428,12,HTTP Request,200,OK,Thread Group 1-355,text,true,,507,129,1,1,http://172.23.66.36:3000/proceso_c,12,0,1
1732990406448,11,HTTP Request,200,OK,Thread Group 1-356,text,true,,507,129,1,1,http://172.23.66.36:3000/proceso_c,11,0,1
1732990406468,12,HTTP Request,200,OK,Thread Group 1-357,text,true,,507,129,1,1,http://172.23.66.36:3000/proceso_c,12,0,1
1732990406487,11,HTTP Request,200,OK,Thread Group 1-358,text,true,,521,129,1,1,http://172.23.66.36:3000/proceso_c,11,0,1
1732990406509,14,HTTP Request,200,OK,Thread Group 1-359,text,true,,507,129,1,1,http://172.23.66.36:3000/proceso_c,14,0,1
1732990406529,13,HTTP Request,200,OK,Thread Group 1-360,text,true,,507,129,1,1,http://172.23.66.36:3000/proceso_c,13,0,1
1732990406547,9,HTTP Request,200,OK,Thread Group 1-361,text,true,,507,129,1,1,http://172.23.66.36:3000/proceso_c,9,0,1
1732990406568,6,HTTP Request,200,OK,Thread Group 1-362,text,true,,507,129,1,1,http://172.23.66.36:3000/proceso_c,6,0,1
1732990406588,11,HTTP Request,200,OK,Thread Group 1-363,text,true,,507,129,1,1,http://172.23.66.36:3000/proceso_c,11,0,1
1732990406609,10,HTTP Request,200,OK,Thread Group 1-364,text,true,,507,129,1,1,http://172.23.66.36:3000/proceso_c,10,0,1
1732990406627,8,HTTP Request,200,OK,Thread Group 1-365,text,true,,507,129,1,1,http://172.23.66.36:3000/proceso_c,8,0,1
1732990406648,14,HTTP Request,200,OK,Thread Group 1-366,text,true,,507,129,1,1,http://172.23.66.36:3000/proceso_c,14,0,1
1732990406668,12,HTTP Request,200,OK,Thread Group 1-367,text,true,,507,129,1,1,http://172.23.66.36:3000/proceso_c,12,0,1
1732990406688,11,HTTP Request,200,OK,Thread Group 1-368,text,true,,507,129,1,1,http://172.23.66.36:3000/proceso_c,11,0,1
1732990406709,21,HTTP Request,200,OK,Thread Group 1-369,text,true,,521,129,2,2,http://172.23.66.36:3000/proceso_c,21,0,1
1732990406729,9,HTTP Request,200,OK,Thread Group 1-370,text,true,,507,129,1,1,http://172.23.66.36:3000/proceso_c,9,0,2
1732990406749,20,HTTP Request,200,OK,Thread Group 1-371,text,true,,521,129,2,2,http://172.23.66.36:3000/proceso_c,20,0,1
1732990406768,5,HTTP Request,200,OK,Thread Group 1-372,text,true,,507,129,1,1,http://172.23.66.36:3000/proceso_c,5,0,1
1732990406788,5,HTTP Request,200,OK,Thread Group 1-373,text,true,,507,129,1,1,http://172.23.66.36:3000/proceso_c,5,0,1
1732990406809,11,HTTP Request,200,OK,Thread Group 1-374,text,true,,507,129,1,1,http://172.23.66.36:3000/proceso_c,11,0,1
1732990406829,18,HTTP Request,200,OK,Thread Group 1-375,text,true,,521,129,1,1,http://172.23.66.36:3000/proceso_c,18,0,1
1732990406849,10,HTTP Request,200,OK,Thread Group 1-376,text,true,,507,129,1,1,http://172.23.66.36:3000/proceso_c,10,0,1
1732990406869,6,HTTP Request,200,OK,Thread Group 1-377,text,true,,507,129,1,1,http://172.23.66.36:3000/proceso_c,6,0,1
1732990406888,8,HTTP Request,200,OK,Thread Group 1-378,text,true,,507,129,1,1,http://172.23.66.36:3000/proceso_c,8,0,1
1732990406908,12,HTTP Request,200,OK,Thread Group 1-379,text,true,,507,129,1,1,http://172.23.66.36:3000/proceso_c,12,0,0
1732990406928,13,HTTP Request,200,OK,Thread Group 1-380,text,true,,507,129,1,1,http://172.23.66.36:3000/proceso_c,13,0,1
1732990406952,30,HTTP Request,200,OK,Thread Group 1-381,text,true,,507,129,2,2,http://172.23.66.36:3000/proceso_c,30,0,1
1732990406976,11,HTTP Request,200,OK,Thread Group 1-382,text,true,,507,129,1,1,http://172.23.66.36:3000/proceso_c,11,0,1
1732990406989,3,HTTP Request,200,OK,Thread Group 1-383,text,true,,507,129,1,1,http://172.23.66.36:3000/proceso_c,3,0,1
1732990407022,17,HTTP Request,200,OK,Thread Group 1-384,text,true,,507,129,2,2,http://172.23.66.36:3000/proceso_c,17,0,1
1732990407030,15,HTTP Request,200,OK,Thread Group 1-385,text,true,,507,129,1,1,http://172.23.66.36:3000/proceso_c,15,0,1
1732990407048,5,HTTP Request,200,OK,Thread Group 1-386,text,true,,507,129,1,1,http://172.23.66.36:3000/proceso_c,5,0,1
1732990407069,13,HTTP Request,200,OK,Thread Group 1-387,text,true,,507,129,1,1,http://172.23.66.36:3000/proceso_c,13,0,1
1732990407087,22,HTTP Request,200,OK,Thread Group 1-388,text,true,,507,129,2,2,http://172.23.66.36:3000/proceso_c,21,0,1
1732990407108,5,HTTP Request,200,OK,Thread Group 1-389,text,true,,507,129,1,1,http://172.23.66.36:3000/proceso_c,5,0,1
1732990407128,4,HTTP Request,200,OK,Thread Group 1-390,text,true,,507,129,1,1,http://172.23.66.36:3000/proceso_c,4,0,1
1732990407162,14,HTTP Request,200,OK,Thread Group 1-391,text,true,,507,129,2,2,http://172.23.66.36:3000/proceso_c,14,0,1
1732990407169,13,HTTP Request,200,OK,Thread Group 1-392,text,true,,507,129,1,1,http://172.23.66.36:3000/proceso_c,13,0,0
1732990407187,5,HTTP Request,200,OK,Thread Group 1-393,text,true,,507,129,1,1,http://172.23.66.36:3000/proceso_c,5,0,1
1732990407208,16,HTTP Request,200,OK,Thread Group 1-394,text,true,,507,129,1,1,http://172.23.66.36:3000/proceso_c,15,0,5
1732990407227,7,HTTP Request,200,OK,Thread Group 1-395,text,true,,507,129,1,1,http://172.23.66.36:3000/proceso_c,7,0,1
1732990407248,28,HTTP Request,200,OK,Thread Group 1-396,text,true,,507,129,2,2,http://172.23.66.36:3000/proceso_c,28,0,1
1732990407269,14,HTTP Request,200,OK,Thread Group 1-397,text,true,,521,129,1,1,http://172.23.66.36:3000/proceso_c,14,0,1
1732990407291,13,HTTP Request,200,OK,Thread Group 1-398,text,true,,507,129,1,1,http://172.23.66.36:3000/proceso_c,13,0,1
1732990407316,9,HTTP Request,200,OK,Thread Group 1-399,text,true,,507,129,1,1,http://172.23.66.36:3000/proceso_c,9,0,1
1732990407328,7,HTTP Request,200,OK,Thread Group 1-400,text,true,,507,129,1,1,http://172.23.66.36:3000/proceso_c,7,0,0
1732990407348,6,HTTP Request,200,OK,Thread Group 1-401,text,true,,507,129,1,1,http://172.23.66.36:3000/proceso_c,6,0,1
1732990407368,14,HTTP Request,200,OK,Thread Group 1-402,text,true,,507,129,1,1,http://172.23.66.36:3000/proceso_c,14,0,1
1732990407388,22,HTTP Request,200,OK,Thread Group 1-403,text,true,,521,129,2,2,http://172.23.66.36:3000/proceso_c,22,0,1
1732990407409,6,HTTP Request,200,OK,Thread Group 1-404,text,true,,507,129,1,1,http://172.23.66.36:3000/proceso_c,6,0,2
1732990407429,8,HTTP Request,200,OK,Thread Group 1-405,text,true,,507,129,1,1,http://172.23.66.36:3000/proceso_c,8,0,1
1732990407454,12,HTTP Request,200,OK,Thread Group 1-406,text,true,,507,129,1,1,http://172.23.66.36:3000/proceso_c,12,0,1
1732990407472,6,HTTP Request,200,OK,Thread Group 1-407,text,true,,507,129,1,1,http://172.23.66.36:3000/proceso_c,6,0,0
1732990407492,6,HTTP Request,200,OK,Thread Group 1-408,text,true,,507,129,1,1,http://172.23.66.36:3000/proceso_c,6,0,0
1732990407508,12,HTTP Request,200,OK,Thread Group 1-409,text,true,,507,129,1,1,http://172.23.66.36:3000/proceso_c,12,0,1
1732990407529,10,HTTP Request,200,OK,Thread Group 1-410,text,true,,507,129,1,1,http://172.23.66.36:3000/proceso_c,10,0,1
1732990407549,16,HTTP Request,200,OK,Thread Group 1-411,text,true,,507,129,1,1,http://172.23.66.36:3000/proceso_c,16,0,1
1732990407568,17,HTTP Request,200,OK,Thread Group 1-412,text,true,,521,129,1,1,http://172.23.66.36:3000/proceso_c,17,0,1
1732990407588,4,HTTP Request,200,OK,Thread Group 1-413,text,true,,507,129,1,1,http://172.23.66.36:3000/proceso_c,4,0,0
1732990407608,9,HTTP Request,200,OK,Thread Group 1-414,text,true,,507,129,1,1,http://172.23.66.36:3000/proceso_c,9,0,1
1732990407628,13,HTTP Request,200,OK,Thread Group 1-415,text,true,,507,129,1,1,http://172.23.66.36:3000/proceso_c,13,0,1
1732990407648,10,HTTP Request,200,OK,Thread Group 1-416,text,true,,507,129,1,1,http://172.23.66.36:3000/proceso_c,10,0,1
1732990407669,12,HTTP Request,200,OK,Thread Group 1-417,text,true,,507,129,1,1,http://172.23.66.36:3000/proceso_c,12,0,1
1732990407708,22,HTTP Request,200,OK,Thread Group 1-419,text,true,,507,129,3,3,http://172.23.66.36:3000/proceso_c,22,0,1
1732990407689,44,HTTP Request,200,OK,Thread Group 1-418,text,true,,535,129,2,2,http://172.23.66.36:3000/proceso_c,44,0,1
1732990407728,7,HTTP Request,200,OK,Thread Group 1-420,text,true,,507,129,1,1,http://172.23.66.36:3000/proceso_c,7,0,1
1732990407748,6,HTTP Request,200,OK,Thread Group 1-421,text,true,,507,129,1,1,http://172.23.66.36:3000/proceso_c,6,0,1
1732990407768,12,HTTP Request,200,OK,Thread Group 1-422,text,true,,507,129,1,1,http://172.23.66.36:3000/proceso_c,12,0,1
1732990407788,10,HTTP Request,200,OK,Thread Group 1-423,text,true,,507,129,1,1,http://172.23.66.36:3000/proceso_c,10,0,1
1732990407809,8,HTTP Request,200,OK,Thread Group 1-424,text,true,,507,129,1,1,http://172.23.66.36:3000/proceso_c,8,0,1
1732990407829,20,HTTP Request,200,OK,Thread Group 1-425,text,true,,521,129,2,2,http://172.23.66.36:3000/proceso_c,20,0,1
1732990407848,7,HTTP Request,200,OK,Thread Group 1-426,text,true,,507,129,1,1,http://172.23.66.36:3000/proceso_c,7,0,2
1732990407868,21,HTTP Request,200,OK,Thread Group 1-427,text,true,,507,129,2,2,http://172.23.66.36:3000/proceso_c,21,0,1
1732990407888,13,HTTP Request,200,OK,Thread Group 1-428,text,true,,521,129,1,1,http://172.23.66.36:3000/proceso_c,13,0,1
1732990407908,8,HTTP Request,200,OK,Thread Group 1-429,text,true,,507,129,1,1,http://172.23.66.36:3000/proceso_c,8,0,1
1732990407928,9,HTTP Request,200,OK,Thread Group 1-430,text,true,,507,129,1,1,http://172.23.66.36:3000/proceso_c,9,0,1
1732990407949,8,HTTP Request,200,OK,Thread Group 1-431,text,true,,507,129,1,1,http://172.23.66.36:3000/proceso_c,8,0,1
1732990407969,9,HTTP Request,200,OK,Thread Group 1-432,text,true,,507,129,1,1,http://172.23.66.36:3000/proceso_c,9,0,1
1732990407987,15,HTTP Request,200,OK,Thread Group 1-433,text,true,,507,129,1,1,http://172.23.66.36:3000/proceso_c,15,0,1
1732990408007,7,HTTP Request,200,OK,Thread Group 1-434,text,true,,507,129,1,1,http://172.23.66.36:3000/proceso_c,7,0,1
1732990408028,14,HTTP Request,200,OK,Thread Group 1-435,text,true,,507,129,1,1,http://172.23.66.36:3000/proceso_c,14,0,1
1732990408048,7,HTTP Request,200,OK,Thread Group 1-436,text,true,,507,129,1,1,http://172.23.66.36:3000/proceso_c,7,0,1
1732990408068,9,HTTP Request,200,OK,Thread Group 1-437,text,true,,507,129,1,1,http://172.23.66.36:3000/proceso_c,9,0,1
1732990408089,14,HTTP Request,200,OK,Thread Group 1-438,text,true,,507,129,1,1,http://172.23.66.36:3000/proceso_c,14,0,1
1732990408109,11,HTTP Request,200,OK,Thread Group 1-439,text,true,,507,129,1,1,http://172.23.66.36:3000/proceso_c,11,0,1
1732990408128,9,HTTP Request,200,OK,Thread Group 1-440,text,true,,507,129,1,1,http://172.23.66.36:3000/proceso_c,9,0,1
1732990408147,7,HTTP Request,200,OK,Thread Group 1-441,text,true,,507,129,1,1,http://172.23.66.36:3000/proceso_c,7,0,1
1732990408168,8,HTTP Request,200,OK,Thread Group 1-442,text,true,,507,129,1,1,http://172.23.66.36:3000/proceso_c,8,0,0
1732990408189,16,HTTP Request,200,OK,Thread Group 1-443,text,true,,507,129,1,1,http://172.23.66.36:3000/proceso_c,16,0,1
1732990408208,9,HTTP Request,200,OK,Thread Group 1-444,text,true,,507,129,1,1,http://172.23.66.36:3000/proceso_c,9,0,1
1732990408228,6,HTTP Request,200,OK,Thread Group 1-445,text,true,,507,129,1,1,http://172.23.66.36:3000/proceso_c,6,0,1
1732990408248,10,HTTP Request,200,OK,Thread Group 1-446,text,true,,507,129,1,1,http://172.23.66.36:3000/proceso_c,10,0,1
1732990408268,8,HTTP Request,200,OK,Thread Group 1-447,text,true,,507,129,1,1,http://172.23.66.36:3000/proceso_c,8,0,1
1732990408288,21,HTTP Request,200,OK,Thread Group 1-448,text,true,,521,129,2,2,http://172.23.66.36:3000/proceso_c,21,0,1
1732990408308,6,HTTP Request,200,OK,Thread Group 1-449,text,true,,507,129,1,1,http://172.23.66.36:3000/proceso_c,6,0,2
1732990408328,8,HTTP Request,200,OK,Thread Group 1-450,text,true,,507,129,1,1,http://172.23.66.36:3000/proceso_c,8,0,1
1732990408349,11,HTTP Request,200,OK,Thread Group 1-451,text,true,,507,129,1,1,http://172.23.66.36:3000/proceso_c,11,0,1
1732990408368,9,HTTP Request,200,OK,Thread Group 1-452,text,true,,507,129,1,1,http://172.23.66.36:3000/proceso_c,9,0,1
1732990408387,9,HTTP Request,200,OK,Thread Group 1-453,text,true,,507,129,1,1,http://172.23.66.36:3000/proceso_c,9,0,0
1732990408408,9,HTTP Request,200,OK,Thread Group 1-454,text,true,,507,129,1,1,http://172.23.66.36:3000/proceso_c,9,0,1
1732990408428,13,HTTP Request,200,OK,Thread Group 1-455,text,true,,507,129,1,1,http://172.23.66.36:3000/proceso_c,13,0,1
1732990408448,7,HTTP Request,200,OK,Thread Group 1-456,text,true,,507,129,1,1,http://172.23.66.36:3000/proceso_c,7,0,1
1732990408468,16,HTTP Request,200,OK,Thread Group 1-457,text,true,,507,129,1,1,http://172.23.66.36:3000/proceso_c,16,0,1
1732990408489,6,HTTP Request,200,OK,Thread Group 1-458,text,true,,507,129,1,1,http://172.23.66.36:3000/proceso_c,6,0,1
1732990408509,12,HTTP Request,200,OK,Thread Group 1-459,text,true,,507,129,1,1,http://172.23.66.36:3000/proceso_c,12,0,1
1732990408527,4,HTTP Request,200,OK,Thread Group 1-460,text,true,,507,129,1,1,http://172.23.66.36:3000/proceso_c,4,0,1
1732990408547,22,HTTP Request,200,OK,Thread Group 1-461,text,true,,507,129,2,2,http://172.23.66.36:3000/proceso_c,22,0,1
1732990408568,6,HTTP Request,200,OK,Thread Group 1-462,text,true,,507,129,1,1,http://172.23.66.36:3000/proceso_c,6,0,1
1732990408588,15,HTTP Request,200,OK,Thread Group 1-463,text,true,,507,129,1,1,http://172.23.66.36:3000/proceso_c,15,0,1
1732990408608,6,HTTP Request,200,OK,Thread Group 1-464,text,true,,507,129,1,1,http://172.23.66.36:3000/proceso_c,6,0,1
1732990408629,11,HTTP Request,200,OK,Thread Group 1-465,text,true,,507,129,1,1,http://172.23.66.36:3000/proceso_c,11,0,1
1732990408648,8,HTTP Request,200,OK,Thread Group 1-466,text,true,,507,129,1,1,http://172.23.66.36:3000/proceso_c,8,0,1
1732990408667,14,HTTP Request,200,OK,Thread Group 1-467,text,true,,507,129,1,1,http://172.23.66.36:3000/proceso_c,14,0,1
1732990408687,11,HTTP Request,200,OK,Thread Group 1-468,text,true,,507,129,1,1,http://172.23.66.36:3000/proceso_c,11,0,1
1732990408708,23,HTTP Request,200,OK,Thread Group 1-469,text,true,,521,129,2,2,http://172.23.66.36:3000/proceso_c,23,0,0
1732990408728,8,HTTP Request,200,OK,Thread Group 1-470,text,true,,507,129,1,1,http://172.23.66.36:3000/proceso_c,8,0,1
1732990408748,9,HTTP Request,200,OK,Thread Group 1-471,text,true,,507,129,1,1,http://172.23.66.36:3000/proceso_c,9,0,1
1732990408769,14,HTTP Request,200,OK,Thread Group 1-472,text,true,,507,129,1,1,http://172.23.66.36:3000/proceso_c,14,0,1
1732990408789,6,HTTP Request,200,OK,Thread Group 1-473,text,true,,507,129,1,1,http://172.23.66.36:3000/proceso_c,6,0,1
1732990408827,16,HTTP Request,200,OK,Thread Group 1-474,text,true,,507,129,2,2,http://172.23.66.36:3000/proceso_c,16,0,1
1732990408839,12,HTTP Request,200,OK,Thread Group 1-475,text,true,,507,129,2,2,http://172.23.66.36:3000/proceso_c,12,0,1
1732990408849,10,HTTP Request,200,OK,Thread Group 1-476,text,true,,521,129,1,1,http://172.23.66.36:3000/proceso_c,10,0,1
1732990408868,5,HTTP Request,200,OK,Thread Group 1-477,text,true,,507,129,1,1,http://172.23.66.36:3000/proceso_c,5,0,1
1732990408889,15,HTTP Request,200,OK,Thread Group 1-478,text,true,,507,129,1,1,http://172.23.66.36:3000/proceso_c,15,0,1
1732990408909,8,HTTP Request,200,OK,Thread Group 1-479,text,true,,507,129,1,1,http://172.23.66.36:3000/proceso_c,8,0,1
1732990408938,19,HTTP Request,200,OK,Thread Group 1-480,text,true,,507,129,1,1,http://172.23.66.36:3000/proceso_c,19,0,1
1732990408961,3,HTTP Request,200,OK,Thread Group 1-481,text,true,,507,129,1,1,http://172.23.66.36:3000/proceso_c,3,0,1
1732990408976,8,HTTP Request,200,OK,Thread Group 1-482,text,true,,507,129,1,1,http://172.23.66.36:3000/proceso_c,8,0,0
1732990408996,9,HTTP Request,200,OK,Thread Group 1-483,text,true,,507,129,1,1,http://172.23.66.36:3000/proceso_c,9,0,1
1732990409016,12,HTTP Request,200,OK,Thread Group 1-484,text,true,,507,129,1,1,http://172.23.66.36:3000/proceso_c,12,0,1
1732990409032,6,HTTP Request,200,OK,Thread Group 1-485,text,true,,507,129,1,1,http://172.23.66.36:3000/proceso_c,6,0,1
1732990409052,21,HTTP Request,200,OK,Thread Group 1-486,text,true,,521,129,2,2,http://172.23.66.36:3000/proceso_c,21,0,1
1732990409069,11,HTTP Request,200,OK,Thread Group 1-487,text,true,,507,129,1,1,http://172.23.66.36:3000/proceso_c,11,0,1
1732990409088,6,HTTP Request,200,OK,Thread Group 1-488,text,true,,507,129,1,1,http://172.23.66.36:3000/proceso_c,6,0,1
1732990409108,19,HTTP Request,200,OK,Thread Group 1-489,text,true,,521,129,2,2,http://172.23.66.36:3000/proceso_c,19,0,0
1732990409128,7,HTTP Request,200,OK,Thread Group 1-490,text,true,,507,129,1,1,http://172.23.66.36:3000/proceso_c,7,0,0
1732990409149,23,HTTP Request,200,OK,Thread Group 1-491,text,true,,521,129,2,2,http://172.23.66.36:3000/proceso_c,23,0,1
1732990409170,14,HTTP Request,200,OK,Thread Group 1-492,text,true,,507,129,1,1,http://172.23.66.36:3000/proceso_c,14,0,1
1732990409189,6,HTTP Request,200,OK,Thread Group 1-493,text,true,,507,129,1,1,http://172.23.66.36:3000/proceso_c,6,0,1
1732990409209,12,HTTP Request,200,OK,Thread Group 1-494,text,true,,507,129,1,1,http://172.23.66.36:3000/proceso_c,12,0,0
1732990409227,12,HTTP Request,200,OK,Thread Group 1-495,text,true,,507,129,1,1,http://172.23.66.36:3000/proceso_c,12,0,1
1732990409256,15,HTTP Request,200,OK,Thread Group 1-496,text,true,,507,129,1,1,http://172.23.66.36:3000/proceso_c,15,0,1
1732990409274,8,HTTP Request,200,OK,Thread Group 1-497,text,true,,507,129,1,1,http://172.23.66.36:3000/proceso_c,7,0,1
1732990409288,7,HTTP Request,200,OK,Thread Group 1-498,text,true,,507,129,1,1,http://172.23.66.36:3000/proceso_c,7,0,1
1732990409309,7,HTTP Request,200,OK,Thread Group 1-499,text,true,,507,129,1,1,http://172.23.66.36:3000/proceso_c,7,0,1
1732990409336,10,HTTP Request,200,OK,Thread Group 1-500,text,true,,507,129,1,1,http://172.23.66.36:3000/proceso_c,10,0,2
